,president,vice-president,prime-minister,governors,deputy prime minister,chief minister,chief justice,speaker,bharat ratna,sc_judges,businessmen,election commissioners,attorney generals,defence minister,education ministers,external affairs ministers,finance minister,home ministers,law & justice minister,railway minister,road and highways ministers,lok sabha members
0,dr. rajendra prasad,sarvepalli radhakrishnan ,jawaharlal nehru,biswabhusan harichandan,vallabhbhai patel,conrad sangma,h. j. kania,om birla,c. rajagopalachari,u. u. lalit ,gautam adani,sukumar sen,ashok desai,baldev singh,maulana abul kalam azad,jawaharlal nehru,r. k. shanmukham chetty,vallabhbhai patel,b. r. ambedkar,john mathai,john matthai,goddeti madhavi
1,dr sarvepalli radhakrishnan,zakir husain ,indira gandhi,b. d. mishra,morarji desai,m. k. stalin,m. patanjali sastri,ganesh vasudev mavalankar,sarvepalli radhakrishnan,dhananjaya y. chandrachud,mukesh ambani,kalyan sundaram,s. v. gupte,n. gopalaswami ayyangar,k. l. shrimali[a],gulzarilal nanda,jawaharlal nehru,jawaharlal nehru,kailash nath katju,n. gopalaswami ayyangar,n. gopalaswami ayyangar,ram mohan naidu kinjarapu
2,dr zakir hussain,varahagiri venkata giri ,manmohan singh,jagdish mukhi,charan singh,himanta biswa sarma,mehr chand mahajan,neelam sanjiva reddy,c. v. raman,sanjay kishan kaul,shiv nadar,s. p. sen verma,lal narayan sinha,jawaharlal nehru,humayun kabir,lal bahadur shastri,john mathai,c. rajagopalachari,charu chandra biswas,lal bahadur shastri,lal bahadur shastri,bellana chandra sekhar
3,varahagiri venkata giri,gopal swarup pathak ,narendra modi,phagu chauhan,jagjivan ram,prem singh tamang,bijan kumar mukherjea,k. s. hegde,bhagwan das,s. abdul nazeer,cyrus poonawalla,nagendra singh,kotayan katankot venugopal,kailash nath katju,m. c. chagla,swaran singh,c. d. deshmukh,kailash nath katju,ashoke kumar sen,jagjivan ram,jagjivan ram,m. v. v. satyanarayana
4,mohammad hidayatullah,b. d. jatti ,atal bihari vajpayee,anusuiya uikey,yashwantrao chavan,nitish kumar,sudhi ranjan das,bali ram bhagat,m. visvesvaraya,k. m. joseph,radhakishan damani,t. swaminathan,goolam essaji vahanvati,jawaharlal nehru,fakhruddin ali ahmed,m. c. chagla,jawaharlal nehru,govind ballabh pant,ashoke kumar sen,swaran singh,lal bahadur shastri,beesetti venkata satyavathi
5,varahagiri venkata giri,m. hidayatullah ,rajiv gandhi,p. s. sreedharan pillai,devi lal,neiphiu rio,bhuvaneshwar prasad sinha,gurdial singh dhillon,jawaharlal nehru,hemant gupta,lakshmi mittal,s. l. shakdhar,mukul rohatgi,v. k. krishna menon,triguna sen,indira gandhi,t. t. krishnamachari,lal bahadur shastri,gopal swarup pathak,h. c. dasappa,s. k. patil,vanga geetha
6,fakhruddin ali ahmed,r. venkataraman ,p. v. narasimha rao,acharya devvrat,lal krishna advani,arvind kejriwal,p. b. gajendragadkar,m. a. ayyangar,govind ballabh pant,mukesh shah,savitri jindal,r. k. trivedi,chander kishan daphtary,jawaharlal nehru,v. k. r. v. rao,dinesh singh,jawaharlal nehru,gulzarilal nanda,panampilly govinda menon,s. k. patil,p. subbarayan,chinta anuradha
7,basappa danappa jatti,shanker dayal sharma ,morarji desai,bandaru dattatreya,,bhupesh baghel,amal kumar sarkar,rabi ray,dhondo keshav karve,ajay rastogi,kumar mangalam birla,r. v. s. peri sastri,milon kumar banerji,yashwantrao chavan,siddhartha shankar ray,swaran singh,morarji desai,indira gandhi,kengal hanumanthaiah,c. m. poonacha,jagjivan ram,margani bharat
8,neelam sanjiva reddy,k. r. narayanan ,lal bahadur shastri,rajendra arlekar,,nongthombam biren singh,koka subba rao,somnath chatterjee,bidhan chandra roy,dinesh maheshwari,dilip shanghvi,v. s. ramadevi,soli jehangir sorabjee,swaran singh,s. nurul hasan[b],yashwantrao chavan,t. t. krishnamachari,yashwantrao chavan,h. r. gokhale,ram subhag singh,raj bahadur,raghu rama krishna raju
9, giani zail singh,krishan kant ,vishwanath pratap singh,ramesh bais,,mamata banerjee,kailas nath wanchoo,hukam singh,purushottam das tandon,sanjiv khanna,pallonji mistry,t. n. seshan,keshava parasaran,jagjivan ram,pratap chandra chunder,atal bihari vajpayee,sachindra chaudhuri,indira gandhi,shanti bhushan,panampilly govinda menon,neelam sanjiva reddy,kotagiri sridhar
10, ramaswamy venkataraman,bhairon singh shekhawat ,inder kumar gujral,thawar chand gehlot,,pema khandu,mohammad hidayatullah,p. a. sangma,rajendra prasad,bhushan ramkrishna gavai,uday kotak,m. s. gill,g. ramaswamy,swaran singh,karan singh,shyam nandan prasad mishra,morarji desai,uma shankar dikshit,hans raj khanna,gulzarilal nanda,v. k. r. v. rao,vallabhaneni balasouri
11, shankar dayal sharma,m. hamid ansari ,h. d. deve gowda,arif mohammad khan,,pinarayi vijayan,jayantilal chhotalal shah,balram jakhar,zakir husain,surya kant,sunil mittal,james michael lyngdoh,motilal chimanlal setalvad,indira gandhi,b. shankaranand,p. v. narasimha rao,indira gandhi,kasu brahmananda reddy,s. n. kacker,k. hanumanthaiah,kotha raghuramaiah,kesineni srinivas
12, kocheril raman narayanan,m. hamid ansari ,chandra shekhar,mangubhai c. patel,,n. rangaswamy,sarv mittra sikri,meira kumar,pandurang vaman kane,aniruddha bose,hinduja brothers,t. s. krishnamurthy,niren de,bansi lal,shankarrao chavan,indira gandhi,yashwantrao chavan,charan singh,p. shiv shankar,t. a. pai,raj bahadur,galla jayadev
13, dr. a.p.j. abdul kalam,m. venkaiah naidu ,charan singh,bhagat singh koshyari,,bhupendrabhai patel,a. n. ray,manohar joshi,lal bahadur shastri[i]#,a. s. bopanna,azim premji,b. b. tandon,,jagjivan ram,sheila kaul[c],rajiv gandhi,chidambaram subramaniam,morarji desai,jagannath kaushal,lalit narayan mishra,kamalapati tripathi,lavu sri krishna devarayalu
14, pratibha patil,jagdeep dhankhar ,gulzarilal nanda,la. ganesan,,zoramthanga,mirza hameedullah beg,sumitra mahajan,indira gandhi,krishna murari,kushal pal singh,n. gopalaswami,,chidambaram subramaniam,k. c. pant,bali ram bhagat,morarji desai,hirubhai m. patel,jagannath kaushal,kamalapati tripathi,uma shankar dikshit,nandigam suresh
15, pranab mukherjee,,,satya pal malik,,naveen patnaik,y. v. chandrachud,shivraj patil,v. v. giri,shripathi ravindra bhat,bajaj brothers,navin chawla,,indira gandhi,p. v. narasimha rao ,p. shiv shankar,hirubhai m. patel,yashwantrao chavan,ashoke kumar sen,madhu dandavate,g. s. dhillon,magunta sreenivasulu reddy
16, shri ram nath kovind,,,kambhampati hari babu,,shivraj singh chouhan,p. n. bhagwati,g. m. c. balayogi,k. kamaraj[ii]#,v. ramasubramanian,murali divi & family,s. y. quraishi,,ramaswamy venkataraman,p. shiv shankar,n. d. tiwari,charan singh,zail singh,p. shiv shankar,t. a. pai,morarji desai,pocha brahmananda reddy
17, droupadi murmu,,,jagdish mukhi (additional charge),,basavaraj bommai,raghunandan swarup pathak,,mother teresa +,hrishikesh roy,gopikishan damani,v. s. sampath,,shankarrao chavan,v. p. singh,rajiv gandhi,morarji desai,ramaswamy venkataraman,bindeshwari dubey,kamalapati tripathi,anant prasad sharma,sanjeev kumar
18,,,,ganeshi lal,,pramod sawant,engalaguppe seetharamiah venkataramiah,,vinoba bhave[iii]#,a. s. oka,ashwin dani,harishankar brahma,,p. v. narasimha rao,rajmangal pandey,p. v. narasimha rao,hemwati nandan bahuguna,prakash chandra sethi,b. shankaranand,kedar pandey,veerendra patil,talari rangaiah
19,,,,banwarilal purohit,,kalvakuntla chandrasekhar rao,sabyasachi mukharji,,abdul ghaffar khan*,vikram nath,hasmukh chudgar & family,nasim zaidi,,rajiv gandhi,arjun singh,v. p. singh,charan singh,p. v. narasimha rao,dinesh goswami,prakash chandra sethi,c. m. stephen,kuruva gorantla madhav
20,,,,kalraj mishra,,vacant,ranganath misra,,m. g. ramachandran[iv][d]#,jitendra kumar maheshwari,benu gopal bangur,achal kumar jyoti,,vishwanath pratap singh,p. v. narasimha rao,i. k. gujral,r. venkataraman,shankarrao chavan,subramanian swamy,a. b. a. ghani khan choudhury,kotla vijaya bhaskara reddy,y. s. avinash reddy
21,,,,ganga prasad,,yogi adityanath,kamal narain singh,,b. r. ambedkar[v]#,hima kohli,mahendra choksi & family,om prakash rawat,,k. c. pant,madhavrao scindia,chandra shekhar[1],pranab mukherjee,p. v. narasimha rao,kotla vijaya bhaskara reddy,bansi lal ,veerendra patil,adala prabhakara reddy
22,,,,r. n. ravi,,hemant soren,madhukar hiralal kania,,nelson mandela*,b. v. nagarathna,rakesh jhunjhunwala,sunil arora,,vishwanath pratap singh,p. v. narasimha rao,vidya charan shukla,vishwanath pratap singh,buta singh,p. v. narasimha rao,mohsina kidwai  ,ziaur rahman ansari ,balli durga prasad rao [1]
23,,,,tamilisai soundararajan,,y. s. jagan mohan reddy,lalit mohan sharma,,rajiv gandhi[vi]#,c. t. ravikumar,m. a. yusuff ali,sushil chandra,,chandra shekhar,atal bihari vajpayee,chandra shekhar[2],rajiv gandhi,mufti mohammad sayeed,ram jethmalani,madhavrao scindia ,bansi lal,maddila gurumoorthy 
24,,,,satyadev narayan arya,,bhagwant mann,m. n. venkatachaliah,,vallabhbhai patel[vii]#,m. m. sundresh,ravi jaipuria,rajiv kumar,,p. v. narasimha rao,s. r. bommai,madhavsinh solanki,n. d. tiwari,chandra shekhar,p chidambaram,george fernandes,mohsina kidwai,p. v. midhun reddy
25,,,,anandiben patel,,jai ram thakur,aziz mushabber ahmadi,,morarji desai[e],bela trivedi,kapil & rahul bhatia,,,sharad pawar,murli manohar joshi,p. v. narasimha rao,shankarrao chavan,shankarrao chavan,ramakant khalap  ,janeshwar mishra,rajesh pilot ,n. reddeppa
26,,,,gurmit singh,,pushkar singh dhami,j. s. verma,,abul kalam azad[viii][f]#,p. s. narasimha,,,,p. v. narasimha rao,arjun singh,dinesh singh,madhu dandavate,murli manohar joshi,ramakant khalap  ,c. k. jaffer sharief,k. p. unnikrishnan,kiren rijiju
27,,,,la. ganesan (additional charge),,eknath shinde,madan mohan punchhi,,j. r. d. tata,sudhanshu dhulia,,,,pramod mahajan,kapil sibal,pranab mukherjee,yashwant sinha,h. d. deve gowda,m. thambidurai,ram vilas paswan,manubhai kotadia,tapir gao
28,,,,,,manik saha,adarsh sein anand,,satyajit ray,jamshed burjor pardiwala,,,,mulayam singh yadav,m. m. pallam raju,sikander bakht,manmohan singh,indrajit gupta,p r kumaramangalam,nitish kumar,chandra shekhar,kripanath mallah
29,,,,,,manohar lal khattar,sam piroj bharucha,,gulzarilal nanda,,,,,george fernandes,smriti irani,i. k. gujral,jaswant singh,l. k. advani,ram jethmalani,ram naik,jagdish tytler ,rajdeep roy
30,,,,,,ashok gehlot,bhupinder nath kirpal,,aruna asaf ali[ix]#,,,,,jaswant singh,prakash javadekar,atal bihari vajpayee,p. chidambaram,shivraj patil,arun jaitley  ,mamata banerjee,m. rajasekara murthy ,horen sing bey
31,,,,,,,gopal ballav pattanaik,,a. p. j. abdul kalam,,,,,george fernandes,ramesh pokhriyal [1],jaswant singh,i. k. gujral,p. chidambaram,jana krishnamurthy,nitish kumar,atal bihari vajpayee,badruddin ajmal
32,,,,,,,v. n. khare,,m. s. subbulakshmi,,,,,pranab mukherjee,dharmendra pradhan,yashwant sinha,p. chidambaram,sushilkumar shinde,arun jaitley,lalu prasad yadav,t. g. venkatraman,naba kumar sarania
33,,,,,,,s. rajendra babu,,c. subramaniam,,,,,a. k. antony,,natwar singh,yashwant sinha,rajnath singh,h. r. bhardwaj,mamata banerjee,r. muthiah,abdul khaleque
34,,,,,,,ramesh chandra lahoti,,jayaprakash narayan[x]#,,,,,arun jaitley,,manmohan singh,jaswant singh,amit shah,veerappa moily,dinesh trivedi,m. thambidurai,queen oja
35,,,,,,,yogesh kumar sabharwal,,amartya sen,,,,,manohar parrikar,,pranab mukherjee,p. chidambaram,,salman khurshid,mukul roy,nitish kumar,dilip saikia
36,,,,,,,k. g. balakrishnan,,gopinath bordoloi[xi]#,,,,,arun jaitley,,s. m. krishna,manmohan singh,,ashwani kumar,c. p. joshi,jaswant singh,pallab lochan das
37,,,,,,,s. h. kapadia,,ravi shankar,,,,,nirmala sitharaman,,salman khurshid,pranab mukherjee,,kapil sibal,pawan kumar bansal,nitish kumar,pradyut bordoloi
38,,,,,,,altamas kabir,,lata mangeshkar,,,,,rajnath singh,,sushma swaraj,manmohan singh,,ravi shankar prasad,c. p. joshi,rajnath singh,gaurav gogoi
39,,,,,,,p. sathasivam,,bismillah khan,,,,,,,subrahmanyam jaishankar,p. chidambaram,,d. v. sadananda gowda,mallikarjun kharge,atal bihari vajpayee,topon kumar gogoi
40,,,,,,,rajendra mal lodha,,bhimsen joshi,,,,,,,,arun jaitley,,ravi shankar prasad,d. v. sadananda gowda,b. c. khanduri ,rameswar teli
41,,,,,,,h. l. dattu,,c. n. r. rao,,,,,,,,nirmala sitharaman,,kiren rijiju,suresh prabhu,t. r. baalu,pradan baruah
42,,,,,,,t. s. thakur,,sachin tendulkar,,,,,,,,,,,piyush goyal,kamal nath,baidyanath prasad mahto [2]
43,,,,,,,jagdish singh khehar,,madan mohan malaviya[xii]#,,,,,,,,,,,ashwini vaishnaw,c. p. joshi,sunil kumar 
44,,,,,,,dipak misra,,atal bihari vajpayee,,,,,,,,,,,,oscar fernandes,sanjay jaiswal
45,,,,,,,ranjan gogoi,,pranab mukherjee,,,,,,,,,,,,nitin gadkari,radha mohan singh
46,,,,,,,sharad arvind bobde,,bhupen hazarika[xiii]#,,,,,,,,,,,,,rama devi
47,,,,,,,n. v. ramana,,nanaji deshmukh[xiv]#,,,,,,,,,,,,,sunil kumar pintu
48,,,,,,,u. u. lalit (incumbent),,,,,,,,,,,,,,,ashok kumar yadav
49,,,,,,,,,,,,,,,,,,,,,,ramprit mandal
50,,,,,,,,,,,,,,,,,,,,,,dileshwar kamait
51,,,,,,,,,,,,,,,,,,,,,,pradeep kumar singh
52,,,,,,,,,,,,,,,,,,,,,,mohammad jawed
53,,,,,,,,,,,,,,,,,,,,,,dulal chandra goswami
54,,,,,,,,,,,,,,,,,,,,,,santosh kumar
55,,,,,,,,,,,,,,,,,,,,,,dinesh chandra yadav
56,,,,,,,,,,,,,,,,,,,,,,gopal jee thakur
57,,,,,,,,,,,,,,,,,,,,,,ajay nishad
58,,,,,,,,,,,,,,,,,,,,,,veena devi
59,,,,,,,,,,,,,,,,,,,,,,alok kumar suman
60,,,,,,,,,,,,,,,,,,,,,,kavita singh
61,,,,,,,,,,,,,,,,,,,,,,janardan singh sigriwal
62,,,,,,,,,,,,,,,,,,,,,,rajiv pratap rudy
63,,,,,,,,,,,,,,,,,,,,,,pashupati kumar paras
64,,,,,,,,,,,,,,,,,,,,,,nityanand rai
65,,,,,,,,,,,,,,,,,,,,,,ram chandra paswan [3]
66,,,,,,,,,,,,,,,,,,,,,,prince raj 
67,,,,,,,,,,,,,,,,,,,,,,giriraj singh
68,,,,,,,,,,,,,,,,,,,,,,mehboob ali kaiser
69,,,,,,,,,,,,,,,,,,,,,,ajay kumar mandal
70,,,,,,,,,,,,,,,,,,,,,,giridhari yadav
71,,,,,,,,,,,,,,,,,,,,,,lalan singh
72,,,,,,,,,,,,,,,,,,,,,,kaushalendra kumar
73,,,,,,,,,,,,,,,,,,,,,,ravi shankar prasad
74,,,,,,,,,,,,,,,,,,,,,,ram kripal yadav
75,,,,,,,,,,,,,,,,,,,,,,raj kumar singh
76,,,,,,,,,,,,,,,,,,,,,,ashwini kumar choubey
77,,,,,,,,,,,,,,,,,,,,,,chhedi paswan
78,,,,,,,,,,,,,,,,,,,,,,mahabali singh
79,,,,,,,,,,,,,,,,,,,,,,chandeshwar prasad
80,,,,,,,,,,,,,,,,,,,,,,sushil kumar singh
81,,,,,,,,,,,,,,,,,,,,,,vijay kumar manjhi
82,,,,,,,,,,,,,,,,,,,,,,chandan singh
83,,,,,,,,,,,,,,,,,,,,,,chirag paswan
84,,,,,,,,,,,,,,,,,,,,,,renuka singh
85,,,,,,,,,,,,,,,,,,,,,,gomati sai
86,,,,,,,,,,,,,,,,,,,,,,guharam ajgalle
87,,,,,,,,,,,,,,,,,,,,,,jyotsna mahant
88,,,,,,,,,,,,,,,,,,,,,,arun sao
89,,,,,,,,,,,,,,,,,,,,,,santosh pandey
90,,,,,,,,,,,,,,,,,,,,,,vijay baghel
91,,,,,,,,,,,,,,,,,,,,,,sunil kumar soni
92,,,,,,,,,,,,,,,,,,,,,,chunni lal sahu
93,,,,,,,,,,,,,,,,,,,,,,deepak baij
94,,,,,,,,,,,,,,,,,,,,,,mohan mandavi
95,,,,,,,,,,,,,,,,,,,,,,shripad yesso naik
96,,,,,,,,,,,,,,,,,,,,,,francisco sardinha
97,,,,,,,,,,,,,,,,,,,,,,vinodbhai chavda
98,,,,,,,,,,,,,,,,,,,,,,parbatbhai patel
99,,,,,,,,,,,,,,,,,,,,,,bharatsinhji dabhi
100,,,,,,,,,,,,,,,,,,,,,,shardaben patel
101,,,,,,,,,,,,,,,,,,,,,,dipsinh shankarsinh rathod
102,,,,,,,,,,,,,,,,,,,,,,amit shah
103,,,,,,,,,,,,,,,,,,,,,,hasmukh patel
104,,,,,,,,,,,,,,,,,,,,,,kirit premjibhai solanki
105,,,,,,,,,,,,,,,,,,,,,,mahendra munjapara
106,,,,,,,,,,,,,,,,,,,,,,mohan kundariya
107,,,,,,,,,,,,,,,,,,,,,,rameshbhai dhaduk
108,,,,,,,,,,,,,,,,,,,,,,poonamben maadam
109,,,,,,,,,,,,,,,,,,,,,,rajesh chudasama
110,,,,,,,,,,,,,,,,,,,,,,naranbhai kachhadia
111,,,,,,,,,,,,,,,,,,,,,,bharti shiyal
112,,,,,,,,,,,,,,,,,,,,,,mitesh rameshbhai patel
113,,,,,,,,,,,,,,,,,,,,,,devusinh jesingbhai chauhan
114,,,,,,,,,,,,,,,,,,,,,,ratansinh rathod
115,,,,,,,,,,,,,,,,,,,,,,jasvantsinh sumanbhai bhabhor
116,,,,,,,,,,,,,,,,,,,,,,ranjanben dhananjay bhatt
117,,,,,,,,,,,,,,,,,,,,,,gitaben rathva
118,,,,,,,,,,,,,,,,,,,,,,mansukhbhai vasava
119,,,,,,,,,,,,,,,,,,,,,,parbhubhai vasava
120,,,,,,,,,,,,,,,,,,,,,,darshana jardosh
121,,,,,,,,,,,,,,,,,,,,,,c. r. patil
122,,,,,,,,,,,,,,,,,,,,,,k c patel
123,,,,,,,,,,,,,,,,,,,,,,rattan lal kataria
124,,,,,,,,,,,,,,,,,,,,,,nayab singh saini
125,,,,,,,,,,,,,,,,,,,,,,sunita duggal
126,,,,,,,,,,,,,,,,,,,,,,brijendra singh
127,,,,,,,,,,,,,,,,,,,,,,sanjay bhatia
128,,,,,,,,,,,,,,,,,,,,,,ramesh chander kaushik
129,,,,,,,,,,,,,,,,,,,,,,arvind kumar sharma
130,,,,,,,,,,,,,,,,,,,,,,dharambir singh
131,,,,,,,,,,,,,,,,,,,,,,rao inderjit singh
132,,,,,,,,,,,,,,,,,,,,,,krishan pal gurjar
133,,,,,,,,,,,,,,,,,,,,,,kishan kapoor
134,,,,,,,,,,,,,,,,,,,,,,ram swaroop sharma 
135,,,,,,,,,,,,,,,,,,,,,,pratibha singh 
136,,,,,,,,,,,,,,,,,,,,,,anurag thakur
137,,,,,,,,,,,,,,,,,,,,,,suresh kumar kashyap
138,,,,,,,,,,,,,,,,,,,,,,vijay hansdak
139,,,,,,,,,,,,,,,,,,,,,,sunil soren
140,,,,,,,,,,,,,,,,,,,,,,nishikant dubey
141,,,,,,,,,,,,,,,,,,,,,,sunil kumar singh
142,,,,,,,,,,,,,,,,,,,,,,annapurna devi yadav
143,,,,,,,,,,,,,,,,,,,,,,chandra prakash choudhary
144,,,,,,,,,,,,,,,,,,,,,,pashupati nath singh
145,,,,,,,,,,,,,,,,,,,,,,sanjay seth
146,,,,,,,,,,,,,,,,,,,,,,bidyut baran mahato
147,,,,,,,,,,,,,,,,,,,,,,geeta koda
148,,,,,,,,,,,,,,,,,,,,,,arjun munda
149,,,,,,,,,,,,,,,,,,,,,,sudarshan bhagat
150,,,,,,,,,,,,,,,,,,,,,,vishnu dayal ram
151,,,,,,,,,,,,,,,,,,,,,,jayant sinha
152,,,,,,,,,,,,,,,,,,,,,,annasaheb jolle
153,,,,,,,,,,,,,,,,,,,,,,suresh angadi [4]
154,,,,,,,,,,,,,,,,,,,,,,mangala suresh angadi 
155,,,,,,,,,,,,,,,,,,,,,,p. c. gaddigoudar
156,,,,,,,,,,,,,,,,,,,,,,ramesh jigajinagi
157,,,,,,,,,,,,,,,,,,,,,,umesh. g. jadhav
158,,,,,,,,,,,,,,,,,,,,,,raja amareshwara naik
159,,,,,,,,,,,,,,,,,,,,,,bhagwanth khuba
160,,,,,,,,,,,,,,,,,,,,,,karadi sanganna amarappa
161,,,,,,,,,,,,,,,,,,,,,,devendrappa
162,,,,,,,,,,,,,,,,,,,,,,shivkumar chanabasappa udasi
163,,,,,,,,,,,,,,,,,,,,,,pralhad joshi
164,,,,,,,,,,,,,,,,,,,,,,anant kumar hegde
165,,,,,,,,,,,,,,,,,,,,,,g. m. siddeshwara
166,,,,,,,,,,,,,,,,,,,,,,b. y. raghavendra
167,,,,,,,,,,,,,,,,,,,,,,shobha karandlaje
168,,,,,,,,,,,,,,,,,,,,,,prajwal revanna
169,,,,,,,,,,,,,,,,,,,,,,nalin kumar kateel
170,,,,,,,,,,,,,,,,,,,,,,a. narayanaswamy
171,,,,,,,,,,,,,,,,,,,,,,g. s. basavaraj
172,,,,,,,,,,,,,,,,,,,,,,sumalatha ambareesh
173,,,,,,,,,,,,,,,,,,,,,,pratap simha
174,,,,,,,,,,,,,,,,,,,,,,srinivasa prasad
175,,,,,,,,,,,,,,,,,,,,,,d. k. suresh
176,,,,,,,,,,,,,,,,,,,,,,d. v. sadananda gowda
177,,,,,,,,,,,,,,,,,,,,,,p. c. mohan
178,,,,,,,,,,,,,,,,,,,,,,tejasvi surya
179,,,,,,,,,,,,,,,,,,,,,,b. n. bache gowda
180,,,,,,,,,,,,,,,,,,,,,,s. muniswamy
181,,,,,,,,,,,,,,,,,,,,,,rajmohan unnithan
182,,,,,,,,,,,,,,,,,,,,,,k. sudhakaran
183,,,,,,,,,,,,,,,,,,,,,,k. muraleedharan
184,,,,,,,,,,,,,,,,,,,,,,rahul gandhi
185,,,,,,,,,,,,,,,,,,,,,,m. k. raghavan
186,,,,,,,,,,,,,,,,,,,,,,p. k. kunhalikutty 
187,,,,,,,,,,,,,,,,,,,,,,m. p. abdussamad samadani 
188,,,,,,,,,,,,,,,,,,,,,,e. t. mohammed basheer
189,,,,,,,,,,,,,,,,,,,,,,v. k. sreekandan
190,,,,,,,,,,,,,,,,,,,,,,ramya haridas
191,,,,,,,,,,,,,,,,,,,,,,t. n. prathapan
192,,,,,,,,,,,,,,,,,,,,,,benny behanan
193,,,,,,,,,,,,,,,,,,,,,,hibi eden
194,,,,,,,,,,,,,,,,,,,,,,dean kuriakose
195,,,,,,,,,,,,,,,,,,,,,,thomas chazhikadan
196,,,,,,,,,,,,,,,,,,,,,,a. m. ariff
197,,,,,,,,,,,,,,,,,,,,,,kodikunnil suresh
198,,,,,,,,,,,,,,,,,,,,,,anto antony
199,,,,,,,,,,,,,,,,,,,,,,n. k. premachandran
200,,,,,,,,,,,,,,,,,,,,,,adoor prakash
201,,,,,,,,,,,,,,,,,,,,,,shashi tharoor
202,,,,,,,,,,,,,,,,,,,,,,narendra singh tomar
203,,,,,,,,,,,,,,,,,,,,,,sandhya ray
204,,,,,,,,,,,,,,,,,,,,,,vivek shejwalkar
205,,,,,,,,,,,,,,,,,,,,,,krishna pal singh yadav
206,,,,,,,,,,,,,,,,,,,,,,raj bahadur singh
207,,,,,,,,,,,,,,,,,,,,,,virendra kumar
208,,,,,,,,,,,,,,,,,,,,,,prahlad singh patel
209,,,,,,,,,,,,,,,,,,,,,,v. d. sharma
210,,,,,,,,,,,,,,,,,,,,,,ganesh singh
211,,,,,,,,,,,,,,,,,,,,,,janardan mishra
212,,,,,,,,,,,,,,,,,,,,,,riti pathak
213,,,,,,,,,,,,,,,,,,,,,,himadri singh
214,,,,,,,,,,,,,,,,,,,,,,rakesh singh
215,,,,,,,,,,,,,,,,,,,,,,faggan singh kulaste
216,,,,,,,,,,,,,,,,,,,,,,dhal singh bisen
217,,,,,,,,,,,,,,,,,,,,,,nakul nath
218,,,,,,,,,,,,,,,,,,,,,,uday pratap singh
219,,,,,,,,,,,,,,,,,,,,,,ramakant bhargava
220,,,,,,,,,,,,,,,,,,,,,,pragya thakur
221,,,,,,,,,,,,,,,,,,,,,,rodmal nagar
222,,,,,,,,,,,,,,,,,,,,,,mahendra solanki
223,,,,,,,,,,,,,,,,,,,,,,anil firojiya
224,,,,,,,,,,,,,,,,,,,,,,sudheer gupta
225,,,,,,,,,,,,,,,,,,,,,,guman singh damor
226,,,,,,,,,,,,,,,,,,,,,,chattar singh darbar
227,,,,,,,,,,,,,,,,,,,,,,shankar lalwani
228,,,,,,,,,,,,,,,,,,,,,,gajendra patel
229,,,,,,,,,,,,,,,,,,,,,,nandkumar singh chauhan [5]
230,,,,,,,,,,,,,,,,,,,,,,gyaneswar patil 
231,,,,,,,,,,,,,,,,,,,,,,durga das uikey
232,,,,,,,,,,,,,,,,,,,,,,heena gavit
233,,,,,,,,,,,,,,,,,,,,,,subhash bhamre
234,,,,,,,,,,,,,,,,,,,,,,unmesh patil
235,,,,,,,,,,,,,,,,,,,,,,raksha khadse
236,,,,,,,,,,,,,,,,,,,,,,prataprao ganpatrao jadhav
237,,,,,,,,,,,,,,,,,,,,,,sanjay shamrao dhotre
238,,,,,,,,,,,,,,,,,,,,,,navneet kaur rana
239,,,,,,,,,,,,,,,,,,,,,,ramdas tadas
240,,,,,,,,,,,,,,,,,,,,,,krupal tumane
241,,,,,,,,,,,,,,,,,,,,,,nitin gadkari
242,,,,,,,,,,,,,,,,,,,,,,sunil baburao mendhe
243,,,,,,,,,,,,,,,,,,,,,,ashok nete
244,,,,,,,,,,,,,,,,,,,,,,suresh dhanorkar
245,,,,,,,,,,,,,,,,,,,,,,bhavana gawali
246,,,,,,,,,,,,,,,,,,,,,,hemant patil
247,,,,,,,,,,,,,,,,,,,,,,prataprao govindrao chikhalikar
248,,,,,,,,,,,,,,,,,,,,,,sanjay haribhau jadhav
249,,,,,,,,,,,,,,,,,,,,,,raosaheb danve
250,,,,,,,,,,,,,,,,,,,,,,imtiyaz jaleel
251,,,,,,,,,,,,,,,,,,,,,,bharati pawar
252,,,,,,,,,,,,,,,,,,,,,,hemant godse
253,,,,,,,,,,,,,,,,,,,,,,rajendra gavit
254,,,,,,,,,,,,,,,,,,,,,,kapil patil
255,,,,,,,,,,,,,,,,,,,,,,shrikant shinde
256,,,,,,,,,,,,,,,,,,,,,,rajan vichare
257,,,,,,,,,,,,,,,,,,,,,,gopal shetty
258,,,,,,,,,,,,,,,,,,,,,,gajanan kirtikar
259,,,,,,,,,,,,,,,,,,,,,,manoj kotak
260,,,,,,,,,,,,,,,,,,,,,,poonam mahajan
261,,,,,,,,,,,,,,,,,,,,,,rahul shewale
262,,,,,,,,,,,,,,,,,,,,,,arvind sawant
263,,,,,,,,,,,,,,,,,,,,,,sunil tatkare
264,,,,,,,,,,,,,,,,,,,,,,shrirang barne
265,,,,,,,,,,,,,,,,,,,,,,girish bapat
266,,,,,,,,,,,,,,,,,,,,,,supriya sule
267,,,,,,,,,,,,,,,,,,,,,,amol kolhe
268,,,,,,,,,,,,,,,,,,,,,,sujay vikhe patil
269,,,,,,,,,,,,,,,,,,,,,,sadashiv lokhande
270,,,,,,,,,,,,,,,,,,,,,,pritam munde
271,,,,,,,,,,,,,,,,,,,,,,omprakash rajenimbalkar
272,,,,,,,,,,,,,,,,,,,,,,sudhakar tukaram shrangare
273,,,,,,,,,,,,,,,,,,,,,,jaisidhesvar swami
274,,,,,,,,,,,,,,,,,,,,,,ranjit naik-nimbalkar
275,,,,,,,,,,,,,,,,,,,,,,sanjay ramchandra patil
276,,,,,,,,,,,,,,,,,,,,,,udayanraje bhosale 
277,,,,,,,,,,,,,,,,,,,,,,shriniwas patil 
278,,,,,,,,,,,,,,,,,,,,,,vinayak raut
279,,,,,,,,,,,,,,,,,,,,,,sanjay mandlik
280,,,,,,,,,,,,,,,,,,,,,,dhairyasheel sambhajirao mane
281,,,,,,,,,,,,,,,,,,,,,,rajkumar ranjan singh
282,,,,,,,,,,,,,,,,,,,,,,lorho s. pfoze [6]
283,,,,,,,,,,,,,,,,,,,,,,houlim shokhopao mate [6]
284,,,,,,,,,,,,,,,,,,,,,,vincent pala
285,,,,,,,,,,,,,,,,,,,,,,agatha sangma
286,,,,,,,,,,,,,,,,,,,,,,c. lalrosanga
287,,,,,,,,,,,,,,,,,,,,,,tokheho yepthomi
288,,,,,,,,,,,,,,,,,,,,,,suresh pujari
289,,,,,,,,,,,,,,,,,,,,,,jual oram
290,,,,,,,,,,,,,,,,,,,,,,nitesh ganga deb
291,,,,,,,,,,,,,,,,,,,,,,chandrani murmu
292,,,,,,,,,,,,,,,,,,,,,,bishweswar tudu
293,,,,,,,,,,,,,,,,,,,,,,pratap chandra sarangi
294,,,,,,,,,,,,,,,,,,,,,,manjulata mandal
295,,,,,,,,,,,,,,,,,,,,,,sarmistha sethi
296,,,,,,,,,,,,,,,,,,,,,,mahesh sahoo
297,,,,,,,,,,,,,,,,,,,,,,sangeeta kumari
298,,,,,,,,,,,,,,,,,,,,,,basanta kumar panda
299,,,,,,,,,,,,,,,,,,,,,,ramesh chandra majhi
300,,,,,,,,,,,,,,,,,,,,,,achyutananda samanta
301,,,,,,,,,,,,,,,,,,,,,,bhartruhari mahtab
302,,,,,,,,,,,,,,,,,,,,,,anubhav mohanty
303,,,,,,,,,,,,,,,,,,,,,,rajashree mallick
304,,,,,,,,,,,,,,,,,,,,,,pinaki mishra
305,,,,,,,,,,,,,,,,,,,,,,aparajita sarangi
306,,,,,,,,,,,,,,,,,,,,,,pramila bisoyi
307,,,,,,,,,,,,,,,,,,,,,,chandra sekhar sahu
308,,,,,,,,,,,,,,,,,,,,,,saptagiri sankar ulaka
309,,,,,,,,,,,,,,,,,,,,,,sunny deol
310,,,,,,,,,,,,,,,,,,,,,,gurjeet singh aujla
311,,,,,,,,,,,,,,,,,,,,,,jasbir singh gill
312,,,,,,,,,,,,,,,,,,,,,,santokh singh chaudhary
313,,,,,,,,,,,,,,,,,,,,,,som prakash
314,,,,,,,,,,,,,,,,,,,,,,manish tewari
315,,,,,,,,,,,,,,,,,,,,,,ravneet singh bittu
316,,,,,,,,,,,,,,,,,,,,,,amar singh
317,,,,,,,,,,,,,,,,,,,,,,muhammad sadiq
318,,,,,,,,,,,,,,,,,,,,,,sukhbir singh badal
319,,,,,,,,,,,,,,,,,,,,,,harsimrat kaur badal
320,,,,,,,,,,,,,,,,,,,,,,bhagwant mann 
321,,,,,,,,,,,,,,,,,,,,,,simranjit singh mann 
322,,,,,,,,,,,,,,,,,,,,,,preneet kaur
323,,,,,,,,,,,,,,,,,,,,,,nihal chand chauhan
324,,,,,,,,,,,,,,,,,,,,,,arjun ram meghwal
325,,,,,,,,,,,,,,,,,,,,,,rahul kaswan
326,,,,,,,,,,,,,,,,,,,,,,narendra kumar
327,,,,,,,,,,,,,,,,,,,,,,sumedhanand saraswati
328,,,,,,,,,,,,,,,,,,,,,,rajyavardhan singh rathore
329,,,,,,,,,,,,,,,,,,,,,,ramcharan bohara
330,,,,,,,,,,,,,,,,,,,,,,balak nath
331,,,,,,,,,,,,,,,,,,,,,,ranjeeta koli
332,,,,,,,,,,,,,,,,,,,,,,manoj rajoria
333,,,,,,,,,,,,,,,,,,,,,,jaskaur meena
334,,,,,,,,,,,,,,,,,,,,,,sukhbir singh jaunapuria
335,,,,,,,,,,,,,,,,,,,,,,bhagirath choudhary
336,,,,,,,,,,,,,,,,,,,,,,hanuman beniwal
337,,,,,,,,,,,,,,,,,,,,,,p. p. chaudhary
338,,,,,,,,,,,,,,,,,,,,,,gajendra singh shekhawat
339,,,,,,,,,,,,,,,,,,,,,,kailash choudhary
340,,,,,,,,,,,,,,,,,,,,,,devaji patel
341,,,,,,,,,,,,,,,,,,,,,,arjun lal meena
342,,,,,,,,,,,,,,,,,,,,,,kanak mal katara
343,,,,,,,,,,,,,,,,,,,,,,chandra prakash joshi
344,,,,,,,,,,,,,,,,,,,,,,diya kumari
345,,,,,,,,,,,,,,,,,,,,,,subhash chandra baheria
346,,,,,,,,,,,,,,,,,,,,,,om birla
347,,,,,,,,,,,,,,,,,,,,,,dushyant singh
348,,,,,,,,,,,,,,,,,,,,,,indra hang subba
349,,,,,,,,,,,,,,,,,,,,,,k. jeyakumar
350,,,,,,,,,,,,,,,,,,,,,,kalanidhi veeraswamy
351,,,,,,,,,,,,,,,,,,,,,,thamizhachi thangapandian
352,,,,,,,,,,,,,,,,,,,,,,dayanidhi maran
353,,,,,,,,,,,,,,,,,,,,,,t. r. baalu
354,,,,,,,,,,,,,,,,,,,,,,g. selvam
355,,,,,,,,,,,,,,,,,,,,,,s. jagathrakshakan
356,,,,,,,,,,,,,,,,,,,,,,d. m. kathir anand
357,,,,,,,,,,,,,,,,,,,,,,a. chellakumar
358,,,,,,,,,,,,,,,,,,,,,,s. senthil kumar
359,,,,,,,,,,,,,,,,,,,,,,c. n. annadurai
360,,,,,,,,,,,,,,,,,,,,,,m. k. vishnu prasad
361,,,,,,,,,,,,,,,,,,,,,,d. ravikumar
362,,,,,,,,,,,,,,,,,,,,,,gautam sigamani
363,,,,,,,,,,,,,,,,,,,,,,s. r. parthiban
364,,,,,,,,,,,,,,,,,,,,,,a. k. p. chinraj
365,,,,,,,,,,,,,,,,,,,,,,a. ganeshamurthi
366,,,,,,,,,,,,,,,,,,,,,,k. subbarayan
367,,,,,,,,,,,,,,,,,,,,,,a. raja
368,,,,,,,,,,,,,,,,,,,,,,p. r. natarajan
369,,,,,,,,,,,,,,,,,,,,,,k. shamugasundaram
370,,,,,,,,,,,,,,,,,,,,,,p. veluchamy
371,,,,,,,,,,,,,,,,,,,,,,jothimani
372,,,,,,,,,,,,,,,,,,,,,,subburaman thirunavukkarasar
373,,,,,,,,,,,,,,,,,,,,,,t. r. paarivendhar
374,,,,,,,,,,,,,,,,,,,,,,t. r. v. s. ramesh
375,,,,,,,,,,,,,,,,,,,,,,tholkappiyan thirumavalavan
376,,,,,,,,,,,,,,,,,,,,,,s. ramalingam
377,,,,,,,,,,,,,,,,,,,,,,m. selvarasu
378,,,,,,,,,,,,,,,,,,,,,,s. s. palanimanickam
379,,,,,,,,,,,,,,,,,,,,,,karti chidambaram
380,,,,,,,,,,,,,,,,,,,,,,s. venkatesan
381,,,,,,,,,,,,,,,,,,,,,,raveendranath kumar
382,,,,,,,,,,,,,,,,,,,,,,manickam tagore
383,,,,,,,,,,,,,,,,,,,,,,navaskani
384,,,,,,,,,,,,,,,,,,,,,,kanimozhi
385,,,,,,,,,,,,,,,,,,,,,,dhanush m. kumar
386,,,,,,,,,,,,,,,,,,,,,,s. gnanathiraviam
387,,,,,,,,,,,,,,,,,,,,,,h. vasanthakumar [7]
388,,,,,,,,,,,,,,,,,,,,,,vijay vasanth 
389,,,,,,,,,,,,,,,,,,,,,,soyam bapu rao
390,,,,,,,,,,,,,,,,,,,,,,venkatesh netha borlakunta
391,,,,,,,,,,,,,,,,,,,,,,bandi sanjay kumar
392,,,,,,,,,,,,,,,,,,,,,,dharmapuri arvind
393,,,,,,,,,,,,,,,,,,,,,,b. b. patil
394,,,,,,,,,,,,,,,,,,,,,,kotha prabhakar reddy
395,,,,,,,,,,,,,,,,,,,,,,revanth reddy
396,,,,,,,,,,,,,,,,,,,,,,g. kishan reddy
397,,,,,,,,,,,,,,,,,,,,,,asaduddin owaisi
398,,,,,,,,,,,,,,,,,,,,,,g. ranjith reddy
399,,,,,,,,,,,,,,,,,,,,,,manne srinivas reddy
400,,,,,,,,,,,,,,,,,,,,,,pothuganti ramulu
401,,,,,,,,,,,,,,,,,,,,,,n. uttam kumar reddy
402,,,,,,,,,,,,,,,,,,,,,,komatireddy venkat reddy
403,,,,,,,,,,,,,,,,,,,,,,pasunuri dayakar
404,,,,,,,,,,,,,,,,,,,,,,kavitha maloth
405,,,,,,,,,,,,,,,,,,,,,,nama nageswara rao
406,,,,,,,,,,,,,,,,,,,,,,pratima bhoumik
407,,,,,,,,,,,,,,,,,,,,,,rebati tripura
408,,,,,,,,,,,,,,,,,,,,,,haji fazlur rehman
409,,,,,,,,,,,,,,,,,,,,,,pradeep kumar choudhary
410,,,,,,,,,,,,,,,,,,,,,,sanjeev kumar balyan
411,,,,,,,,,,,,,,,,,,,,,,malook nagar
412,,,,,,,,,,,,,,,,,,,,,,girish chandra
413,,,,,,,,,,,,,,,,,,,,,,s. t. hasan
414,,,,,,,,,,,,,,,,,,,,,,azam khan 
415,,,,,,,,,,,,,,,,,,,,,,ghanshyam singh lodhi 
416,,,,,,,,,,,,,,,,,,,,,,shafiqur rehman barq
417,,,,,,,,,,,,,,,,,,,,,,kunwar danish ali
418,,,,,,,,,,,,,,,,,,,,,,rajendra agrawal
419,,,,,,,,,,,,,,,,,,,,,,satya pal singh
420,,,,,,,,,,,,,,,,,,,,,,v. k. singh
421,,,,,,,,,,,,,,,,,,,,,,mahesh sharma
422,,,,,,,,,,,,,,,,,,,,,,bhola singh
423,,,,,,,,,,,,,,,,,,,,,,satish kumar gautam
424,,,,,,,,,,,,,,,,,,,,,,rajvir singh diler
425,,,,,,,,,,,,,,,,,,,,,,hema malini
426,,,,,,,,,,,,,,,,,,,,,,satya pal singh baghel
427,,,,,,,,,,,,,,,,,,,,,,rajkumar chahar
428,,,,,,,,,,,,,,,,,,,,,,chandrasen jadon
429,,,,,,,,,,,,,,,,,,,,,,mulayam singh yadav
430,,,,,,,,,,,,,,,,,,,,,,rajveer singh
431,,,,,,,,,,,,,,,,,,,,,,sanghmitra maurya
432,,,,,,,,,,,,,,,,,,,,,,dharmendra kashyap
433,,,,,,,,,,,,,,,,,,,,,,santosh gangwar
434,,,,,,,,,,,,,,,,,,,,,,varun gandhi
435,,,,,,,,,,,,,,,,,,,,,,arun kumar sagar
436,,,,,,,,,,,,,,,,,,,,,,ajay kumar mishra
437,,,,,,,,,,,,,,,,,,,,,,rekha verma
438,,,,,,,,,,,,,,,,,,,,,,rajesh verma
439,,,,,,,,,,,,,,,,,,,,,,jai prakash rawat
440,,,,,,,,,,,,,,,,,,,,,,ashok kumar rawat
441,,,,,,,,,,,,,,,,,,,,,,sakshi maharaj
442,,,,,,,,,,,,,,,,,,,,,,kaushal kishore
443,,,,,,,,,,,,,,,,,,,,,,rajnath singh
444,,,,,,,,,,,,,,,,,,,,,,sonia gandhi
445,,,,,,,,,,,,,,,,,,,,,,smriti irani
446,,,,,,,,,,,,,,,,,,,,,,maneka gandhi
447,,,,,,,,,,,,,,,,,,,,,,sangam lal gupta
448,,,,,,,,,,,,,,,,,,,,,,mukesh rajput
449,,,,,,,,,,,,,,,,,,,,,,ram shankar katheria
450,,,,,,,,,,,,,,,,,,,,,,subrat pathak
451,,,,,,,,,,,,,,,,,,,,,,satyadev pachauri
452,,,,,,,,,,,,,,,,,,,,,,devendra singh bhole
453,,,,,,,,,,,,,,,,,,,,,,bhanu pratap singh verma
454,,,,,,,,,,,,,,,,,,,,,,anurag sharma
455,,,,,,,,,,,,,,,,,,,,,,pushpendra singh chandel
456,,,,,,,,,,,,,,,,,,,,,,r. k. singh patel
457,,,,,,,,,,,,,,,,,,,,,,niranjan jyoti
458,,,,,,,,,,,,,,,,,,,,,,vinod sonkar
459,,,,,,,,,,,,,,,,,,,,,,keshari devi patel
460,,,,,,,,,,,,,,,,,,,,,,rita bahuguna joshi
461,,,,,,,,,,,,,,,,,,,,,,upendra singh rawat
462,,,,,,,,,,,,,,,,,,,,,,lallu singh
463,,,,,,,,,,,,,,,,,,,,,,ritesh pandey
464,,,,,,,,,,,,,,,,,,,,,,akshaibar lal
465,,,,,,,,,,,,,,,,,,,,,,brij bhushan sharan singh
466,,,,,,,,,,,,,,,,,,,,,,ram shiromani verma
467,,,,,,,,,,,,,,,,,,,,,,kirti vardhan singh
468,,,,,,,,,,,,,,,,,,,,,,jagdambika pal
469,,,,,,,,,,,,,,,,,,,,,,harish dwivedi
470,,,,,,,,,,,,,,,,,,,,,,praveen kumar nishad
471,,,,,,,,,,,,,,,,,,,,,,pankaj choudhary
472,,,,,,,,,,,,,,,,,,,,,,ravi kishan
473,,,,,,,,,,,,,,,,,,,,,,vijay kumar dubey
474,,,,,,,,,,,,,,,,,,,,,,ramapati ram tripathi
475,,,,,,,,,,,,,,,,,,,,,,kamlesh paswan
476,,,,,,,,,,,,,,,,,,,,,,sangeeta azad
477,,,,,,,,,,,,,,,,,,,,,,akhilesh yadav 
478,,,,,,,,,,,,,,,,,,,,,,dinesh lal yadav nirahua 
479,,,,,,,,,,,,,,,,,,,,,,atul rai
480,,,,,,,,,,,,,,,,,,,,,,ravindra kushawaha
481,,,,,,,,,,,,,,,,,,,,,,virendra singh mast
482,,,,,,,,,,,,,,,,,,,,,,shyam singh yadav
483,,,,,,,,,,,,,,,,,,,,,,b. p. saroj
484,,,,,,,,,,,,,,,,,,,,,,afzal ansari
485,,,,,,,,,,,,,,,,,,,,,,mahendra nath pandey
486,,,,,,,,,,,,,,,,,,,,,,narendra modi
487,,,,,,,,,,,,,,,,,,,,,,ramesh chand bind
488,,,,,,,,,,,,,,,,,,,,,,anupriya patel
489,,,,,,,,,,,,,,,,,,,,,,pakaudi lal kol
490,,,,,,,,,,,,,,,,,,,,,,mala rajya laxmi shah
491,,,,,,,,,,,,,,,,,,,,,,tirath singh rawat
492,,,,,,,,,,,,,,,,,,,,,,ajay tamta
493,,,,,,,,,,,,,,,,,,,,,,ajay bhatt
494,,,,,,,,,,,,,,,,,,,,,,ramesh pokhriyal
495,,,,,,,,,,,,,,,,,,,,,,nisith pramanik
496,,,,,,,,,,,,,,,,,,,,,,john barla
497,,,,,,,,,,,,,,,,,,,,,,jayanta kumar roy
498,,,,,,,,,,,,,,,,,,,,,,raju bista
499,,,,,,,,,,,,,,,,,,,,,,debasree chaudhuri
500,,,,,,,,,,,,,,,,,,,,,,sukanta majumdar
501,,,,,,,,,,,,,,,,,,,,,,khagen murmu
502,,,,,,,,,,,,,,,,,,,,,,abu hasem khan choudhury
503,,,,,,,,,,,,,,,,,,,,,,khalilur rahaman
504,,,,,,,,,,,,,,,,,,,,,,adhir ranjan chowdhury
505,,,,,,,,,,,,,,,,,,,,,,abu taher khan
506,,,,,,,,,,,,,,,,,,,,,,mahua moitra
507,,,,,,,,,,,,,,,,,,,,,,jagannath sarkar
508,,,,,,,,,,,,,,,,,,,,,,shantanu thakur
509,,,,,,,,,,,,,,,,,,,,,,arjun singh
510,,,,,,,,,,,,,,,,,,,,,,saugata roy
511,,,,,,,,,,,,,,,,,,,,,,kakoli ghosh dastidar
512,,,,,,,,,,,,,,,,,,,,,,nusrat jahan
513,,,,,,,,,,,,,,,,,,,,,,pratima mondal
514,,,,,,,,,,,,,,,,,,,,,,choudhury mohan jatua
515,,,,,,,,,,,,,,,,,,,,,,abhishek banerjee
516,,,,,,,,,,,,,,,,,,,,,,mimi chakraborty
517,,,,,,,,,,,,,,,,,,,,,,mala roy
518,,,,,,,,,,,,,,,,,,,,,,sudip bandyopadhyay
519,,,,,,,,,,,,,,,,,,,,,,prasun banerjee
520,,,,,,,,,,,,,,,,,,,,,,sajda ahmed
521,,,,,,,,,,,,,,,,,,,,,,kalyan banerjee
522,,,,,,,,,,,,,,,,,,,,,,locket chatterjee
523,,,,,,,,,,,,,,,,,,,,,,aparupa poddar 
524,,,,,,,,,,,,,,,,,,,,,,dibyendu adhikari
525,,,,,,,,,,,,,,,,,,,,,,sisir adhikari
526,,,,,,,,,,,,,,,,,,,,,,deepak adhikari 
527,,,,,,,,,,,,,,,,,,,,,,kunar hembram
528,,,,,,,,,,,,,,,,,,,,,,dilip ghosh
529,,,,,,,,,,,,,,,,,,,,,,jyotirmay singh mahato
530,,,,,,,,,,,,,,,,,,,,,,subhas sarkar
531,,,,,,,,,,,,,,,,,,,,,,saumitra khan
532,,,,,,,,,,,,,,,,,,,,,,sunil kumar mandal
533,,,,,,,,,,,,,,,,,,,,,,s. s. ahluwalia
534,,,,,,,,,,,,,,,,,,,,,,babul supriyo 
535,,,,,,,,,,,,,,,,,,,,,,shatrughan sinha 
536,,,,,,,,,,,,,,,,,,,,,,asit kumar mal
537,,,,,,,,,,,,,,,,,,,,,,satabdi roy
538,,,,,,,,,,,,,,,,,,,,,,kuldeep rai sharma
539,,,,,,,,,,,,,,,,,,,,,,kirron kher
540,,,,,,,,,,,,,,,,,,,,,,mohanbhai sanjibhai delkar 
541,,,,,,,,,,,,,,,,,,,,,,kalaben delkar
542,,,,,,,,,,,,,,,,,,,,,,lalubhai patel
543,,,,,,,,,,,,,,,,,,,,,,mohammad akbar lone
544,,,,,,,,,,,,,,,,,,,,,,farooq abdullah
545,,,,,,,,,,,,,,,,,,,,,,hasnain masoodi
546,,,,,,,,,,,,,,,,,,,,,,jitendra singh
547,,,,,,,,,,,,,,,,,,,,,,jugal kishore sharma
548,,,,,,,,,,,,,,,,,,,,,,jamyang tsering namgyal
549,,,,,,,,,,,,,,,,,,,,,,mohammed faizal p. p
550,,,,,,,,,,,,,,,,,,,,,,harsh vardhan
551,,,,,,,,,,,,,,,,,,,,,,manoj tiwari
552,,,,,,,,,,,,,,,,,,,,,,gautam gambhir
553,,,,,,,,,,,,,,,,,,,,,,meenakshi lekhi
554,,,,,,,,,,,,,,,,,,,,,,hans raj hans
555,,,,,,,,,,,,,,,,,,,,,,parvesh verma
556,,,,,,,,,,,,,,,,,,,,,,ramesh bidhuri
557,,,,,,,,,,,,,,,,,,,,,,v. vaithilingam
